model,accuracy,precision,recall,f1,roc_auc
LASSO,0.6,0.5714285714285714,0.8,0.6666666666666666,0.7600000000000001
ElasticNet,0.6,0.5714285714285714,0.8,0.6666666666666666,0.8
Logistic_ElasticNet,0.9,0.8333333333333334,1.0,0.9090909090909091,1.0
